"Column Name","Label"
"GEO_ID","Geography"
"NAME","Geographic Area Name"
"B05006_001E","Estimate!!Total:"
"B05006_001EA","Annotation of Estimate!!Total:"
"B05006_001M","Margin of Error!!Total:"
"B05006_001MA","Annotation of Margin of Error!!Total:"
"B05006_002E","Estimate!!Total:!!Europe:"
"B05006_002EA","Annotation of Estimate!!Total:!!Europe:"
"B05006_002M","Margin of Error!!Total:!!Europe:"
"B05006_002MA","Annotation of Margin of Error!!Total:!!Europe:"
"B05006_003E","Estimate!!Total:!!Europe:!!Northern Europe:"
"B05006_003EA","Annotation of Estimate!!Total:!!Europe:!!Northern Europe:"
"B05006_003M","Margin of Error!!Total:!!Europe:!!Northern Europe:"
"B05006_003MA","Annotation of Margin of Error!!Total:!!Europe:!!Northern Europe:"
"B05006_004E","Estimate!!Total:!!Europe:!!Northern Europe:!!Denmark"
"B05006_004M","Margin of Error!!Total:!!Europe:!!Northern Europe:!!Denmark"
"B05006_004MA","Annotation of Margin of Error!!Total:!!Europe:!!Northern Europe:!!Denmark"
"B05006_004EA","Annotation of Estimate!!Total:!!Europe:!!Northern Europe:!!Denmark"
"B05006_005E","Estimate!!Total:!!Europe:!!Northern Europe:!!Ireland"
"B05006_005M","Margin of Error!!Total:!!Europe:!!Northern Europe:!!Ireland"
"B05006_005MA","Annotation of Margin of Error!!Total:!!Europe:!!Northern Europe:!!Ireland"
"B05006_005EA","Annotation of Estimate!!Total:!!Europe:!!Northern Europe:!!Ireland"
"B05006_006E","Estimate!!Total:!!Europe:!!Northern Europe:!!Norway"
"B05006_006M","Margin of Error!!Total:!!Europe:!!Northern Europe:!!Norway"
"B05006_006MA","Annotation of Margin of Error!!Total:!!Europe:!!Northern Europe:!!Norway"
"B05006_006EA","Annotation of Estimate!!Total:!!Europe:!!Northern Europe:!!Norway"
"B05006_007E","Estimate!!Total:!!Europe:!!Northern Europe:!!Sweden"
"B05006_007EA","Annotation of Estimate!!Total:!!Europe:!!Northern Europe:!!Sweden"
"B05006_007M","Margin of Error!!Total:!!Europe:!!Northern Europe:!!Sweden"
"B05006_007MA","Annotation of Margin of Error!!Total:!!Europe:!!Northern Europe:!!Sweden"
"B05006_008E","Estimate!!Total:!!Europe:!!Northern Europe:!!United Kingdom (inc. Crown Dependencies):"
"B05006_008EA","Annotation of Estimate!!Total:!!Europe:!!Northern Europe:!!United Kingdom (inc. Crown Dependencies):"
"B05006_008M","Margin of Error!!Total:!!Europe:!!Northern Europe:!!United Kingdom (inc. Crown Dependencies):"
"B05006_008MA","Annotation of Margin of Error!!Total:!!Europe:!!Northern Europe:!!United Kingdom (inc. Crown Dependencies):"
"B05006_009E","Estimate!!Total:!!Europe:!!Northern Europe:!!United Kingdom (inc. Crown Dependencies):!!United Kingdom, excluding England and Scotland"
"B05006_009EA","Annotation of Estimate!!Total:!!Europe:!!Northern Europe:!!United Kingdom (inc. Crown Dependencies):!!United Kingdom, excluding England and Scotland"
"B05006_009M","Margin of Error!!Total:!!Europe:!!Northern Europe:!!United Kingdom (inc. Crown Dependencies):!!United Kingdom, excluding England and Scotland"
"B05006_009MA","Annotation of Margin of Error!!Total:!!Europe:!!Northern Europe:!!United Kingdom (inc. Crown Dependencies):!!United Kingdom, excluding England and Scotland"
"B05006_010E","Estimate!!Total:!!Europe:!!Northern Europe:!!United Kingdom (inc. Crown Dependencies):!!England"
"B05006_010M","Margin of Error!!Total:!!Europe:!!Northern Europe:!!United Kingdom (inc. Crown Dependencies):!!England"
"B05006_010MA","Annotation of Margin of Error!!Total:!!Europe:!!Northern Europe:!!United Kingdom (inc. Crown Dependencies):!!England"
"B05006_010EA","Annotation of Estimate!!Total:!!Europe:!!Northern Europe:!!United Kingdom (inc. Crown Dependencies):!!England"
"B05006_011E","Estimate!!Total:!!Europe:!!Northern Europe:!!United Kingdom (inc. Crown Dependencies):!!Scotland"
"B05006_011EA","Annotation of Estimate!!Total:!!Europe:!!Northern Europe:!!United Kingdom (inc. Crown Dependencies):!!Scotland"
"B05006_011M","Margin of Error!!Total:!!Europe:!!Northern Europe:!!United Kingdom (inc. Crown Dependencies):!!Scotland"
"B05006_011MA","Annotation of Margin of Error!!Total:!!Europe:!!Northern Europe:!!United Kingdom (inc. Crown Dependencies):!!Scotland"
"B05006_012E","Estimate!!Total:!!Europe:!!Northern Europe:!!Other Northern Europe"
"B05006_012EA","Annotation of Estimate!!Total:!!Europe:!!Northern Europe:!!Other Northern Europe"
"B05006_012M","Margin of Error!!Total:!!Europe:!!Northern Europe:!!Other Northern Europe"
"B05006_012MA","Annotation of Margin of Error!!Total:!!Europe:!!Northern Europe:!!Other Northern Europe"
"B05006_013E","Estimate!!Total:!!Europe:!!Western Europe:"
"B05006_013M","Margin of Error!!Total:!!Europe:!!Western Europe:"
"B05006_013MA","Annotation of Margin of Error!!Total:!!Europe:!!Western Europe:"
"B05006_013EA","Annotation of Estimate!!Total:!!Europe:!!Western Europe:"
"B05006_014E","Estimate!!Total:!!Europe:!!Western Europe:!!Austria"
"B05006_014EA","Annotation of Estimate!!Total:!!Europe:!!Western Europe:!!Austria"
"B05006_014M","Margin of Error!!Total:!!Europe:!!Western Europe:!!Austria"
"B05006_014MA","Annotation of Margin of Error!!Total:!!Europe:!!Western Europe:!!Austria"
"B05006_015E","Estimate!!Total:!!Europe:!!Western Europe:!!Belgium"
"B05006_015EA","Annotation of Estimate!!Total:!!Europe:!!Western Europe:!!Belgium"
"B05006_015M","Margin of Error!!Total:!!Europe:!!Western Europe:!!Belgium"
"B05006_015MA","Annotation of Margin of Error!!Total:!!Europe:!!Western Europe:!!Belgium"
"B05006_016E","Estimate!!Total:!!Europe:!!Western Europe:!!France"
"B05006_016EA","Annotation of Estimate!!Total:!!Europe:!!Western Europe:!!France"
"B05006_016M","Margin of Error!!Total:!!Europe:!!Western Europe:!!France"
"B05006_016MA","Annotation of Margin of Error!!Total:!!Europe:!!Western Europe:!!France"
"B05006_017E","Estimate!!Total:!!Europe:!!Western Europe:!!Germany"
"B05006_017EA","Annotation of Estimate!!Total:!!Europe:!!Western Europe:!!Germany"
"B05006_017M","Margin of Error!!Total:!!Europe:!!Western Europe:!!Germany"
"B05006_017MA","Annotation of Margin of Error!!Total:!!Europe:!!Western Europe:!!Germany"
"B05006_018E","Estimate!!Total:!!Europe:!!Western Europe:!!Netherlands"
"B05006_018M","Margin of Error!!Total:!!Europe:!!Western Europe:!!Netherlands"
"B05006_018MA","Annotation of Margin of Error!!Total:!!Europe:!!Western Europe:!!Netherlands"
"B05006_018EA","Annotation of Estimate!!Total:!!Europe:!!Western Europe:!!Netherlands"
"B05006_019E","Estimate!!Total:!!Europe:!!Western Europe:!!Switzerland"
"B05006_019EA","Annotation of Estimate!!Total:!!Europe:!!Western Europe:!!Switzerland"
"B05006_019M","Margin of Error!!Total:!!Europe:!!Western Europe:!!Switzerland"
"B05006_019MA","Annotation of Margin of Error!!Total:!!Europe:!!Western Europe:!!Switzerland"
"B05006_020E","Estimate!!Total:!!Europe:!!Western Europe:!!Other Western Europe"
"B05006_020EA","Annotation of Estimate!!Total:!!Europe:!!Western Europe:!!Other Western Europe"
"B05006_020M","Margin of Error!!Total:!!Europe:!!Western Europe:!!Other Western Europe"
"B05006_020MA","Annotation of Margin of Error!!Total:!!Europe:!!Western Europe:!!Other Western Europe"
"B05006_021E","Estimate!!Total:!!Europe:!!Southern Europe:"
"B05006_021M","Margin of Error!!Total:!!Europe:!!Southern Europe:"
"B05006_021MA","Annotation of Margin of Error!!Total:!!Europe:!!Southern Europe:"
"B05006_021EA","Annotation of Estimate!!Total:!!Europe:!!Southern Europe:"
"B05006_022E","Estimate!!Total:!!Europe:!!Southern Europe:!!Greece"
"B05006_022EA","Annotation of Estimate!!Total:!!Europe:!!Southern Europe:!!Greece"
"B05006_022M","Margin of Error!!Total:!!Europe:!!Southern Europe:!!Greece"
"B05006_022MA","Annotation of Margin of Error!!Total:!!Europe:!!Southern Europe:!!Greece"
"B05006_023E","Estimate!!Total:!!Europe:!!Southern Europe:!!Italy"
"B05006_023M","Margin of Error!!Total:!!Europe:!!Southern Europe:!!Italy"
"B05006_023MA","Annotation of Margin of Error!!Total:!!Europe:!!Southern Europe:!!Italy"
"B05006_023EA","Annotation of Estimate!!Total:!!Europe:!!Southern Europe:!!Italy"
"B05006_024E","Estimate!!Total:!!Europe:!!Southern Europe:!!Portugal"
"B05006_024EA","Annotation of Estimate!!Total:!!Europe:!!Southern Europe:!!Portugal"
"B05006_024M","Margin of Error!!Total:!!Europe:!!Southern Europe:!!Portugal"
"B05006_024MA","Annotation of Margin of Error!!Total:!!Europe:!!Southern Europe:!!Portugal"
"B05006_025E","Estimate!!Total:!!Europe:!!Southern Europe:!!Portugal!!Azores Islands"
"B05006_025EA","Annotation of Estimate!!Total:!!Europe:!!Southern Europe:!!Portugal!!Azores Islands"
"B05006_025M","Margin of Error!!Total:!!Europe:!!Southern Europe:!!Portugal!!Azores Islands"
"B05006_025MA","Annotation of Margin of Error!!Total:!!Europe:!!Southern Europe:!!Portugal!!Azores Islands"
"B05006_026E","Estimate!!Total:!!Europe:!!Southern Europe:!!Spain"
"B05006_026M","Margin of Error!!Total:!!Europe:!!Southern Europe:!!Spain"
"B05006_026MA","Annotation of Margin of Error!!Total:!!Europe:!!Southern Europe:!!Spain"
"B05006_026EA","Annotation of Estimate!!Total:!!Europe:!!Southern Europe:!!Spain"
"B05006_027E","Estimate!!Total:!!Europe:!!Southern Europe:!!Other Southern Europe"
"B05006_027EA","Annotation of Estimate!!Total:!!Europe:!!Southern Europe:!!Other Southern Europe"
"B05006_027M","Margin of Error!!Total:!!Europe:!!Southern Europe:!!Other Southern Europe"
"B05006_027MA","Annotation of Margin of Error!!Total:!!Europe:!!Southern Europe:!!Other Southern Europe"
"B05006_028E","Estimate!!Total:!!Europe:!!Eastern Europe:"
"B05006_028M","Margin of Error!!Total:!!Europe:!!Eastern Europe:"
"B05006_028MA","Annotation of Margin of Error!!Total:!!Europe:!!Eastern Europe:"
"B05006_028EA","Annotation of Estimate!!Total:!!Europe:!!Eastern Europe:"
"B05006_029E","Estimate!!Total:!!Europe:!!Eastern Europe:!!Albania"
"B05006_029M","Margin of Error!!Total:!!Europe:!!Eastern Europe:!!Albania"
"B05006_029MA","Annotation of Margin of Error!!Total:!!Europe:!!Eastern Europe:!!Albania"
"B05006_029EA","Annotation of Estimate!!Total:!!Europe:!!Eastern Europe:!!Albania"
"B05006_030E","Estimate!!Total:!!Europe:!!Eastern Europe:!!Belarus"
"B05006_030EA","Annotation of Estimate!!Total:!!Europe:!!Eastern Europe:!!Belarus"
"B05006_030M","Margin of Error!!Total:!!Europe:!!Eastern Europe:!!Belarus"
"B05006_030MA","Annotation of Margin of Error!!Total:!!Europe:!!Eastern Europe:!!Belarus"
"B05006_031E","Estimate!!Total:!!Europe:!!Eastern Europe:!!Bosnia and Herzegovina"
"B05006_031M","Margin of Error!!Total:!!Europe:!!Eastern Europe:!!Bosnia and Herzegovina"
"B05006_031MA","Annotation of Margin of Error!!Total:!!Europe:!!Eastern Europe:!!Bosnia and Herzegovina"
"B05006_031EA","Annotation of Estimate!!Total:!!Europe:!!Eastern Europe:!!Bosnia and Herzegovina"
"B05006_032E","Estimate!!Total:!!Europe:!!Eastern Europe:!!Bulgaria"
"B05006_032EA","Annotation of Estimate!!Total:!!Europe:!!Eastern Europe:!!Bulgaria"
"B05006_032M","Margin of Error!!Total:!!Europe:!!Eastern Europe:!!Bulgaria"
"B05006_032MA","Annotation of Margin of Error!!Total:!!Europe:!!Eastern Europe:!!Bulgaria"
"B05006_033E","Estimate!!Total:!!Europe:!!Eastern Europe:!!Croatia"
"B05006_033EA","Annotation of Estimate!!Total:!!Europe:!!Eastern Europe:!!Croatia"
"B05006_033M","Margin of Error!!Total:!!Europe:!!Eastern Europe:!!Croatia"
"B05006_033MA","Annotation of Margin of Error!!Total:!!Europe:!!Eastern Europe:!!Croatia"
"B05006_034E","Estimate!!Total:!!Europe:!!Eastern Europe:!!Czechoslovakia (includes Czech Republic and Slovakia)"
"B05006_034EA","Annotation of Estimate!!Total:!!Europe:!!Eastern Europe:!!Czechoslovakia (includes Czech Republic and Slovakia)"
"B05006_034M","Margin of Error!!Total:!!Europe:!!Eastern Europe:!!Czechoslovakia (includes Czech Republic and Slovakia)"
"B05006_034MA","Annotation of Margin of Error!!Total:!!Europe:!!Eastern Europe:!!Czechoslovakia (includes Czech Republic and Slovakia)"
"B05006_035E","Estimate!!Total:!!Europe:!!Eastern Europe:!!Hungary"
"B05006_035EA","Annotation of Estimate!!Total:!!Europe:!!Eastern Europe:!!Hungary"
"B05006_035M","Margin of Error!!Total:!!Europe:!!Eastern Europe:!!Hungary"
"B05006_035MA","Annotation of Margin of Error!!Total:!!Europe:!!Eastern Europe:!!Hungary"
"B05006_036E","Estimate!!Total:!!Europe:!!Eastern Europe:!!Latvia"
"B05006_036M","Margin of Error!!Total:!!Europe:!!Eastern Europe:!!Latvia"
"B05006_036MA","Annotation of Margin of Error!!Total:!!Europe:!!Eastern Europe:!!Latvia"
"B05006_036EA","Annotation of Estimate!!Total:!!Europe:!!Eastern Europe:!!Latvia"
"B05006_037E","Estimate!!Total:!!Europe:!!Eastern Europe:!!Lithuania"
"B05006_037M","Margin of Error!!Total:!!Europe:!!Eastern Europe:!!Lithuania"
"B05006_037MA","Annotation of Margin of Error!!Total:!!Europe:!!Eastern Europe:!!Lithuania"
"B05006_037EA","Annotation of Estimate!!Total:!!Europe:!!Eastern Europe:!!Lithuania"
"B05006_038E","Estimate!!Total:!!Europe:!!Eastern Europe:!!Moldova"
"B05006_038M","Margin of Error!!Total:!!Europe:!!Eastern Europe:!!Moldova"
"B05006_038MA","Annotation of Margin of Error!!Total:!!Europe:!!Eastern Europe:!!Moldova"
"B05006_038EA","Annotation of Estimate!!Total:!!Europe:!!Eastern Europe:!!Moldova"
"B05006_039E","Estimate!!Total:!!Europe:!!Eastern Europe:!!North Macedonia (Macedonia)"
"B05006_039EA","Annotation of Estimate!!Total:!!Europe:!!Eastern Europe:!!North Macedonia (Macedonia)"
"B05006_039M","Margin of Error!!Total:!!Europe:!!Eastern Europe:!!North Macedonia (Macedonia)"
"B05006_039MA","Annotation of Margin of Error!!Total:!!Europe:!!Eastern Europe:!!North Macedonia (Macedonia)"
"B05006_040E","Estimate!!Total:!!Europe:!!Eastern Europe:!!Poland"
"B05006_040EA","Annotation of Estimate!!Total:!!Europe:!!Eastern Europe:!!Poland"
"B05006_040M","Margin of Error!!Total:!!Europe:!!Eastern Europe:!!Poland"
"B05006_040MA","Annotation of Margin of Error!!Total:!!Europe:!!Eastern Europe:!!Poland"
"B05006_041E","Estimate!!Total:!!Europe:!!Eastern Europe:!!Romania"
"B05006_041EA","Annotation of Estimate!!Total:!!Europe:!!Eastern Europe:!!Romania"
"B05006_041M","Margin of Error!!Total:!!Europe:!!Eastern Europe:!!Romania"
"B05006_041MA","Annotation of Margin of Error!!Total:!!Europe:!!Eastern Europe:!!Romania"
"B05006_042E","Estimate!!Total:!!Europe:!!Eastern Europe:!!Russia"
"B05006_042M","Margin of Error!!Total:!!Europe:!!Eastern Europe:!!Russia"
"B05006_042MA","Annotation of Margin of Error!!Total:!!Europe:!!Eastern Europe:!!Russia"
"B05006_042EA","Annotation of Estimate!!Total:!!Europe:!!Eastern Europe:!!Russia"
"B05006_043E","Estimate!!Total:!!Europe:!!Eastern Europe:!!Serbia"
"B05006_043EA","Annotation of Estimate!!Total:!!Europe:!!Eastern Europe:!!Serbia"
"B05006_043M","Margin of Error!!Total:!!Europe:!!Eastern Europe:!!Serbia"
"B05006_043MA","Annotation of Margin of Error!!Total:!!Europe:!!Eastern Europe:!!Serbia"
"B05006_044E","Estimate!!Total:!!Europe:!!Eastern Europe:!!Ukraine"
"B05006_044EA","Annotation of Estimate!!Total:!!Europe:!!Eastern Europe:!!Ukraine"
"B05006_044M","Margin of Error!!Total:!!Europe:!!Eastern Europe:!!Ukraine"
"B05006_044MA","Annotation of Margin of Error!!Total:!!Europe:!!Eastern Europe:!!Ukraine"
"B05006_045E","Estimate!!Total:!!Europe:!!Eastern Europe:!!Other Eastern Europe"
"B05006_045M","Margin of Error!!Total:!!Europe:!!Eastern Europe:!!Other Eastern Europe"
"B05006_045MA","Annotation of Margin of Error!!Total:!!Europe:!!Eastern Europe:!!Other Eastern Europe"
"B05006_045EA","Annotation of Estimate!!Total:!!Europe:!!Eastern Europe:!!Other Eastern Europe"
"B05006_046E","Estimate!!Total:!!Europe:!!Europe, n.e.c."
"B05006_046M","Margin of Error!!Total:!!Europe:!!Europe, n.e.c."
"B05006_046MA","Annotation of Margin of Error!!Total:!!Europe:!!Europe, n.e.c."
"B05006_046EA","Annotation of Estimate!!Total:!!Europe:!!Europe, n.e.c."
"B05006_047E","Estimate!!Total:!!Asia:"
"B05006_047M","Margin of Error!!Total:!!Asia:"
"B05006_047MA","Annotation of Margin of Error!!Total:!!Asia:"
"B05006_047EA","Annotation of Estimate!!Total:!!Asia:"
"B05006_048E","Estimate!!Total:!!Asia:!!Eastern Asia:"
"B05006_048M","Margin of Error!!Total:!!Asia:!!Eastern Asia:"
"B05006_048MA","Annotation of Margin of Error!!Total:!!Asia:!!Eastern Asia:"
"B05006_048EA","Annotation of Estimate!!Total:!!Asia:!!Eastern Asia:"
"B05006_049E","Estimate!!Total:!!Asia:!!Eastern Asia:!!China:"
"B05006_049M","Margin of Error!!Total:!!Asia:!!Eastern Asia:!!China:"
"B05006_049MA","Annotation of Margin of Error!!Total:!!Asia:!!Eastern Asia:!!China:"
"B05006_049EA","Annotation of Estimate!!Total:!!Asia:!!Eastern Asia:!!China:"
"B05006_050E","Estimate!!Total:!!Asia:!!Eastern Asia:!!China:!!China, excluding Hong Kong and Taiwan"
"B05006_050EA","Annotation of Estimate!!Total:!!Asia:!!Eastern Asia:!!China:!!China, excluding Hong Kong and Taiwan"
"B05006_050M","Margin of Error!!Total:!!Asia:!!Eastern Asia:!!China:!!China, excluding Hong Kong and Taiwan"
"B05006_050MA","Annotation of Margin of Error!!Total:!!Asia:!!Eastern Asia:!!China:!!China, excluding Hong Kong and Taiwan"
"B05006_051E","Estimate!!Total:!!Asia:!!Eastern Asia:!!China:!!Hong Kong"
"B05006_051M","Margin of Error!!Total:!!Asia:!!Eastern Asia:!!China:!!Hong Kong"
"B05006_051MA","Annotation of Margin of Error!!Total:!!Asia:!!Eastern Asia:!!China:!!Hong Kong"
"B05006_051EA","Annotation of Estimate!!Total:!!Asia:!!Eastern Asia:!!China:!!Hong Kong"
"B05006_052E","Estimate!!Total:!!Asia:!!Eastern Asia:!!China:!!Taiwan"
"B05006_052EA","Annotation of Estimate!!Total:!!Asia:!!Eastern Asia:!!China:!!Taiwan"
"B05006_052M","Margin of Error!!Total:!!Asia:!!Eastern Asia:!!China:!!Taiwan"
"B05006_052MA","Annotation of Margin of Error!!Total:!!Asia:!!Eastern Asia:!!China:!!Taiwan"
"B05006_053E","Estimate!!Total:!!Asia:!!Eastern Asia:!!Japan"
"B05006_053M","Margin of Error!!Total:!!Asia:!!Eastern Asia:!!Japan"
"B05006_053MA","Annotation of Margin of Error!!Total:!!Asia:!!Eastern Asia:!!Japan"
"B05006_053EA","Annotation of Estimate!!Total:!!Asia:!!Eastern Asia:!!Japan"
"B05006_054E","Estimate!!Total:!!Asia:!!Eastern Asia:!!Korea"
"B05006_054M","Margin of Error!!Total:!!Asia:!!Eastern Asia:!!Korea"
"B05006_054MA","Annotation of Margin of Error!!Total:!!Asia:!!Eastern Asia:!!Korea"
"B05006_054EA","Annotation of Estimate!!Total:!!Asia:!!Eastern Asia:!!Korea"
"B05006_055E","Estimate!!Total:!!Asia:!!Eastern Asia:!!Other Eastern Asia"
"B05006_055EA","Annotation of Estimate!!Total:!!Asia:!!Eastern Asia:!!Other Eastern Asia"
"B05006_055M","Margin of Error!!Total:!!Asia:!!Eastern Asia:!!Other Eastern Asia"
"B05006_055MA","Annotation of Margin of Error!!Total:!!Asia:!!Eastern Asia:!!Other Eastern Asia"
"B05006_056E","Estimate!!Total:!!Asia:!!South Central Asia:"
"B05006_056M","Margin of Error!!Total:!!Asia:!!South Central Asia:"
"B05006_056MA","Annotation of Margin of Error!!Total:!!Asia:!!South Central Asia:"
"B05006_056EA","Annotation of Estimate!!Total:!!Asia:!!South Central Asia:"
"B05006_057E","Estimate!!Total:!!Asia:!!South Central Asia:!!Afghanistan"
"B05006_057EA","Annotation of Estimate!!Total:!!Asia:!!South Central Asia:!!Afghanistan"
"B05006_057M","Margin of Error!!Total:!!Asia:!!South Central Asia:!!Afghanistan"
"B05006_057MA","Annotation of Margin of Error!!Total:!!Asia:!!South Central Asia:!!Afghanistan"
"B05006_058E","Estimate!!Total:!!Asia:!!South Central Asia:!!Bangladesh"
"B05006_058M","Margin of Error!!Total:!!Asia:!!South Central Asia:!!Bangladesh"
"B05006_058MA","Annotation of Margin of Error!!Total:!!Asia:!!South Central Asia:!!Bangladesh"
"B05006_058EA","Annotation of Estimate!!Total:!!Asia:!!South Central Asia:!!Bangladesh"
"B05006_059E","Estimate!!Total:!!Asia:!!South Central Asia:!!India"
"B05006_059EA","Annotation of Estimate!!Total:!!Asia:!!South Central Asia:!!India"
"B05006_059M","Margin of Error!!Total:!!Asia:!!South Central Asia:!!India"
"B05006_059MA","Annotation of Margin of Error!!Total:!!Asia:!!South Central Asia:!!India"
"B05006_060E","Estimate!!Total:!!Asia:!!South Central Asia:!!Iran"
"B05006_060EA","Annotation of Estimate!!Total:!!Asia:!!South Central Asia:!!Iran"
"B05006_060M","Margin of Error!!Total:!!Asia:!!South Central Asia:!!Iran"
"B05006_060MA","Annotation of Margin of Error!!Total:!!Asia:!!South Central Asia:!!Iran"
"B05006_061E","Estimate!!Total:!!Asia:!!South Central Asia:!!Kazakhstan"
"B05006_061M","Margin of Error!!Total:!!Asia:!!South Central Asia:!!Kazakhstan"
"B05006_061MA","Annotation of Margin of Error!!Total:!!Asia:!!South Central Asia:!!Kazakhstan"
"B05006_061EA","Annotation of Estimate!!Total:!!Asia:!!South Central Asia:!!Kazakhstan"
"B05006_062E","Estimate!!Total:!!Asia:!!South Central Asia:!!Nepal"
"B05006_062EA","Annotation of Estimate!!Total:!!Asia:!!South Central Asia:!!Nepal"
"B05006_062M","Margin of Error!!Total:!!Asia:!!South Central Asia:!!Nepal"
"B05006_062MA","Annotation of Margin of Error!!Total:!!Asia:!!South Central Asia:!!Nepal"
"B05006_063E","Estimate!!Total:!!Asia:!!South Central Asia:!!Pakistan"
"B05006_063EA","Annotation of Estimate!!Total:!!Asia:!!South Central Asia:!!Pakistan"
"B05006_063M","Margin of Error!!Total:!!Asia:!!South Central Asia:!!Pakistan"
"B05006_063MA","Annotation of Margin of Error!!Total:!!Asia:!!South Central Asia:!!Pakistan"
"B05006_064E","Estimate!!Total:!!Asia:!!South Central Asia:!!Sri Lanka"
"B05006_064EA","Annotation of Estimate!!Total:!!Asia:!!South Central Asia:!!Sri Lanka"
"B05006_064M","Margin of Error!!Total:!!Asia:!!South Central Asia:!!Sri Lanka"
"B05006_064MA","Annotation of Margin of Error!!Total:!!Asia:!!South Central Asia:!!Sri Lanka"
"B05006_065E","Estimate!!Total:!!Asia:!!South Central Asia:!!Uzbekistan"
"B05006_065EA","Annotation of Estimate!!Total:!!Asia:!!South Central Asia:!!Uzbekistan"
"B05006_065M","Margin of Error!!Total:!!Asia:!!South Central Asia:!!Uzbekistan"
"B05006_065MA","Annotation of Margin of Error!!Total:!!Asia:!!South Central Asia:!!Uzbekistan"
"B05006_066E","Estimate!!Total:!!Asia:!!South Central Asia:!!Other South Central Asia"
"B05006_066EA","Annotation of Estimate!!Total:!!Asia:!!South Central Asia:!!Other South Central Asia"
"B05006_066M","Margin of Error!!Total:!!Asia:!!South Central Asia:!!Other South Central Asia"
"B05006_066MA","Annotation of Margin of Error!!Total:!!Asia:!!South Central Asia:!!Other South Central Asia"
"B05006_067E","Estimate!!Total:!!Asia:!!South Eastern Asia:"
"B05006_067EA","Annotation of Estimate!!Total:!!Asia:!!South Eastern Asia:"
"B05006_067M","Margin of Error!!Total:!!Asia:!!South Eastern Asia:"
"B05006_067MA","Annotation of Margin of Error!!Total:!!Asia:!!South Eastern Asia:"
"B05006_068E","Estimate!!Total:!!Asia:!!South Eastern Asia:!!Burma"
"B05006_068EA","Annotation of Estimate!!Total:!!Asia:!!South Eastern Asia:!!Burma"
"B05006_068M","Margin of Error!!Total:!!Asia:!!South Eastern Asia:!!Burma"
"B05006_068MA","Annotation of Margin of Error!!Total:!!Asia:!!South Eastern Asia:!!Burma"
"B05006_069E","Estimate!!Total:!!Asia:!!South Eastern Asia:!!Cambodia"
"B05006_069M","Margin of Error!!Total:!!Asia:!!South Eastern Asia:!!Cambodia"
"B05006_069MA","Annotation of Margin of Error!!Total:!!Asia:!!South Eastern Asia:!!Cambodia"
"B05006_069EA","Annotation of Estimate!!Total:!!Asia:!!South Eastern Asia:!!Cambodia"
"B05006_070E","Estimate!!Total:!!Asia:!!South Eastern Asia:!!Indonesia"
"B05006_070EA","Annotation of Estimate!!Total:!!Asia:!!South Eastern Asia:!!Indonesia"
"B05006_070M","Margin of Error!!Total:!!Asia:!!South Eastern Asia:!!Indonesia"
"B05006_070MA","Annotation of Margin of Error!!Total:!!Asia:!!South Eastern Asia:!!Indonesia"
"B05006_071E","Estimate!!Total:!!Asia:!!South Eastern Asia:!!Laos"
"B05006_071EA","Annotation of Estimate!!Total:!!Asia:!!South Eastern Asia:!!Laos"
"B05006_071M","Margin of Error!!Total:!!Asia:!!South Eastern Asia:!!Laos"
"B05006_071MA","Annotation of Margin of Error!!Total:!!Asia:!!South Eastern Asia:!!Laos"
"B05006_072E","Estimate!!Total:!!Asia:!!South Eastern Asia:!!Malaysia"
"B05006_072EA","Annotation of Estimate!!Total:!!Asia:!!South Eastern Asia:!!Malaysia"
"B05006_072M","Margin of Error!!Total:!!Asia:!!South Eastern Asia:!!Malaysia"
"B05006_072MA","Annotation of Margin of Error!!Total:!!Asia:!!South Eastern Asia:!!Malaysia"
"B05006_073E","Estimate!!Total:!!Asia:!!South Eastern Asia:!!Philippines"
"B05006_073EA","Annotation of Estimate!!Total:!!Asia:!!South Eastern Asia:!!Philippines"
"B05006_073M","Margin of Error!!Total:!!Asia:!!South Eastern Asia:!!Philippines"
"B05006_073MA","Annotation of Margin of Error!!Total:!!Asia:!!South Eastern Asia:!!Philippines"
"B05006_074E","Estimate!!Total:!!Asia:!!South Eastern Asia:!!Singapore"
"B05006_074M","Margin of Error!!Total:!!Asia:!!South Eastern Asia:!!Singapore"
"B05006_074MA","Annotation of Margin of Error!!Total:!!Asia:!!South Eastern Asia:!!Singapore"
"B05006_074EA","Annotation of Estimate!!Total:!!Asia:!!South Eastern Asia:!!Singapore"
"B05006_075E","Estimate!!Total:!!Asia:!!South Eastern Asia:!!Thailand"
"B05006_075M","Margin of Error!!Total:!!Asia:!!South Eastern Asia:!!Thailand"
"B05006_075MA","Annotation of Margin of Error!!Total:!!Asia:!!South Eastern Asia:!!Thailand"
"B05006_075EA","Annotation of Estimate!!Total:!!Asia:!!South Eastern Asia:!!Thailand"
"B05006_076E","Estimate!!Total:!!Asia:!!South Eastern Asia:!!Vietnam"
"B05006_076EA","Annotation of Estimate!!Total:!!Asia:!!South Eastern Asia:!!Vietnam"
"B05006_076M","Margin of Error!!Total:!!Asia:!!South Eastern Asia:!!Vietnam"
"B05006_076MA","Annotation of Margin of Error!!Total:!!Asia:!!South Eastern Asia:!!Vietnam"
"B05006_077E","Estimate!!Total:!!Asia:!!South Eastern Asia:!!Other South Eastern Asia"
"B05006_077EA","Annotation of Estimate!!Total:!!Asia:!!South Eastern Asia:!!Other South Eastern Asia"
"B05006_077M","Margin of Error!!Total:!!Asia:!!South Eastern Asia:!!Other South Eastern Asia"
"B05006_077MA","Annotation of Margin of Error!!Total:!!Asia:!!South Eastern Asia:!!Other South Eastern Asia"
"B05006_078E","Estimate!!Total:!!Asia:!!Western Asia:"
"B05006_078EA","Annotation of Estimate!!Total:!!Asia:!!Western Asia:"
"B05006_078M","Margin of Error!!Total:!!Asia:!!Western Asia:"
"B05006_078MA","Annotation of Margin of Error!!Total:!!Asia:!!Western Asia:"
"B05006_079E","Estimate!!Total:!!Asia:!!Western Asia:!!Armenia"
"B05006_079EA","Annotation of Estimate!!Total:!!Asia:!!Western Asia:!!Armenia"
"B05006_079M","Margin of Error!!Total:!!Asia:!!Western Asia:!!Armenia"
"B05006_079MA","Annotation of Margin of Error!!Total:!!Asia:!!Western Asia:!!Armenia"
"B05006_080E","Estimate!!Total:!!Asia:!!Western Asia:!!Iraq"
"B05006_080M","Margin of Error!!Total:!!Asia:!!Western Asia:!!Iraq"
"B05006_080MA","Annotation of Margin of Error!!Total:!!Asia:!!Western Asia:!!Iraq"
"B05006_080EA","Annotation of Estimate!!Total:!!Asia:!!Western Asia:!!Iraq"
"B05006_081E","Estimate!!Total:!!Asia:!!Western Asia:!!Israel"
"B05006_081EA","Annotation of Estimate!!Total:!!Asia:!!Western Asia:!!Israel"
"B05006_081M","Margin of Error!!Total:!!Asia:!!Western Asia:!!Israel"
"B05006_081MA","Annotation of Margin of Error!!Total:!!Asia:!!Western Asia:!!Israel"
"B05006_082E","Estimate!!Total:!!Asia:!!Western Asia:!!Jordan"
"B05006_082M","Margin of Error!!Total:!!Asia:!!Western Asia:!!Jordan"
"B05006_082MA","Annotation of Margin of Error!!Total:!!Asia:!!Western Asia:!!Jordan"
"B05006_082EA","Annotation of Estimate!!Total:!!Asia:!!Western Asia:!!Jordan"
"B05006_083E","Estimate!!Total:!!Asia:!!Western Asia:!!Kuwait"
"B05006_083EA","Annotation of Estimate!!Total:!!Asia:!!Western Asia:!!Kuwait"
"B05006_083M","Margin of Error!!Total:!!Asia:!!Western Asia:!!Kuwait"
"B05006_083MA","Annotation of Margin of Error!!Total:!!Asia:!!Western Asia:!!Kuwait"
"B05006_084E","Estimate!!Total:!!Asia:!!Western Asia:!!Lebanon"
"B05006_084EA","Annotation of Estimate!!Total:!!Asia:!!Western Asia:!!Lebanon"
"B05006_084M","Margin of Error!!Total:!!Asia:!!Western Asia:!!Lebanon"
"B05006_084MA","Annotation of Margin of Error!!Total:!!Asia:!!Western Asia:!!Lebanon"
"B05006_085E","Estimate!!Total:!!Asia:!!Western Asia:!!Saudi Arabia"
"B05006_085EA","Annotation of Estimate!!Total:!!Asia:!!Western Asia:!!Saudi Arabia"
"B05006_085M","Margin of Error!!Total:!!Asia:!!Western Asia:!!Saudi Arabia"
"B05006_085MA","Annotation of Margin of Error!!Total:!!Asia:!!Western Asia:!!Saudi Arabia"
"B05006_086E","Estimate!!Total:!!Asia:!!Western Asia:!!Syria"
"B05006_086M","Margin of Error!!Total:!!Asia:!!Western Asia:!!Syria"
"B05006_086MA","Annotation of Margin of Error!!Total:!!Asia:!!Western Asia:!!Syria"
"B05006_086EA","Annotation of Estimate!!Total:!!Asia:!!Western Asia:!!Syria"
"B05006_087E","Estimate!!Total:!!Asia:!!Western Asia:!!Turkey"
"B05006_087M","Margin of Error!!Total:!!Asia:!!Western Asia:!!Turkey"
"B05006_087MA","Annotation of Margin of Error!!Total:!!Asia:!!Western Asia:!!Turkey"
"B05006_087EA","Annotation of Estimate!!Total:!!Asia:!!Western Asia:!!Turkey"
"B05006_088E","Estimate!!Total:!!Asia:!!Western Asia:!!Yemen"
"B05006_088EA","Annotation of Estimate!!Total:!!Asia:!!Western Asia:!!Yemen"
"B05006_088M","Margin of Error!!Total:!!Asia:!!Western Asia:!!Yemen"
"B05006_088MA","Annotation of Margin of Error!!Total:!!Asia:!!Western Asia:!!Yemen"
"B05006_089E","Estimate!!Total:!!Asia:!!Western Asia:!!Other Western Asia"
"B05006_089EA","Annotation of Estimate!!Total:!!Asia:!!Western Asia:!!Other Western Asia"
"B05006_089M","Margin of Error!!Total:!!Asia:!!Western Asia:!!Other Western Asia"
"B05006_089MA","Annotation of Margin of Error!!Total:!!Asia:!!Western Asia:!!Other Western Asia"
"B05006_090E","Estimate!!Total:!!Asia:!!Asia, n.e.c."
"B05006_090M","Margin of Error!!Total:!!Asia:!!Asia, n.e.c."
"B05006_090MA","Annotation of Margin of Error!!Total:!!Asia:!!Asia, n.e.c."
"B05006_090EA","Annotation of Estimate!!Total:!!Asia:!!Asia, n.e.c."
"B05006_091E","Estimate!!Total:!!Africa:"
"B05006_091M","Margin of Error!!Total:!!Africa:"
"B05006_091MA","Annotation of Margin of Error!!Total:!!Africa:"
"B05006_091EA","Annotation of Estimate!!Total:!!Africa:"
"B05006_092E","Estimate!!Total:!!Africa:!!Eastern Africa:"
"B05006_092EA","Annotation of Estimate!!Total:!!Africa:!!Eastern Africa:"
"B05006_092M","Margin of Error!!Total:!!Africa:!!Eastern Africa:"
"B05006_092MA","Annotation of Margin of Error!!Total:!!Africa:!!Eastern Africa:"
"B05006_093E","Estimate!!Total:!!Africa:!!Eastern Africa:!!Eritrea"
"B05006_093M","Margin of Error!!Total:!!Africa:!!Eastern Africa:!!Eritrea"
"B05006_093MA","Annotation of Margin of Error!!Total:!!Africa:!!Eastern Africa:!!Eritrea"
"B05006_093EA","Annotation of Estimate!!Total:!!Africa:!!Eastern Africa:!!Eritrea"
"B05006_094E","Estimate!!Total:!!Africa:!!Eastern Africa:!!Ethiopia"
"B05006_094M","Margin of Error!!Total:!!Africa:!!Eastern Africa:!!Ethiopia"
"B05006_094MA","Annotation of Margin of Error!!Total:!!Africa:!!Eastern Africa:!!Ethiopia"
"B05006_094EA","Annotation of Estimate!!Total:!!Africa:!!Eastern Africa:!!Ethiopia"
"B05006_095E","Estimate!!Total:!!Africa:!!Eastern Africa:!!Kenya"
"B05006_095EA","Annotation of Estimate!!Total:!!Africa:!!Eastern Africa:!!Kenya"
"B05006_095M","Margin of Error!!Total:!!Africa:!!Eastern Africa:!!Kenya"
"B05006_095MA","Annotation of Margin of Error!!Total:!!Africa:!!Eastern Africa:!!Kenya"
"B05006_096E","Estimate!!Total:!!Africa:!!Eastern Africa:!!Somalia"
"B05006_096M","Margin of Error!!Total:!!Africa:!!Eastern Africa:!!Somalia"
"B05006_096MA","Annotation of Margin of Error!!Total:!!Africa:!!Eastern Africa:!!Somalia"
"B05006_096EA","Annotation of Estimate!!Total:!!Africa:!!Eastern Africa:!!Somalia"
"B05006_097E","Estimate!!Total:!!Africa:!!Eastern Africa:!!Uganda"
"B05006_097EA","Annotation of Estimate!!Total:!!Africa:!!Eastern Africa:!!Uganda"
"B05006_097M","Margin of Error!!Total:!!Africa:!!Eastern Africa:!!Uganda"
"B05006_097MA","Annotation of Margin of Error!!Total:!!Africa:!!Eastern Africa:!!Uganda"
"B05006_098E","Estimate!!Total:!!Africa:!!Eastern Africa:!!Zimbabwe"
"B05006_098M","Margin of Error!!Total:!!Africa:!!Eastern Africa:!!Zimbabwe"
"B05006_098MA","Annotation of Margin of Error!!Total:!!Africa:!!Eastern Africa:!!Zimbabwe"
"B05006_098EA","Annotation of Estimate!!Total:!!Africa:!!Eastern Africa:!!Zimbabwe"
"B05006_099E","Estimate!!Total:!!Africa:!!Eastern Africa:!!Other Eastern Africa"
"B05006_099EA","Annotation of Estimate!!Total:!!Africa:!!Eastern Africa:!!Other Eastern Africa"
"B05006_099M","Margin of Error!!Total:!!Africa:!!Eastern Africa:!!Other Eastern Africa"
"B05006_099MA","Annotation of Margin of Error!!Total:!!Africa:!!Eastern Africa:!!Other Eastern Africa"
"B05006_100E","Estimate!!Total:!!Africa:!!Middle Africa:"
"B05006_100EA","Annotation of Estimate!!Total:!!Africa:!!Middle Africa:"
"B05006_100M","Margin of Error!!Total:!!Africa:!!Middle Africa:"
"B05006_100MA","Annotation of Margin of Error!!Total:!!Africa:!!Middle Africa:"
"B05006_101E","Estimate!!Total:!!Africa:!!Middle Africa:!!Cameroon"
"B05006_101M","Margin of Error!!Total:!!Africa:!!Middle Africa:!!Cameroon"
"B05006_101MA","Annotation of Margin of Error!!Total:!!Africa:!!Middle Africa:!!Cameroon"
"B05006_101EA","Annotation of Estimate!!Total:!!Africa:!!Middle Africa:!!Cameroon"
"B05006_102E","Estimate!!Total:!!Africa:!!Middle Africa:!!Congo"
"B05006_102M","Margin of Error!!Total:!!Africa:!!Middle Africa:!!Congo"
"B05006_102MA","Annotation of Margin of Error!!Total:!!Africa:!!Middle Africa:!!Congo"
"B05006_102EA","Annotation of Estimate!!Total:!!Africa:!!Middle Africa:!!Congo"
"B05006_103E","Estimate!!Total:!!Africa:!!Middle Africa:!!Democratic Republic of Congo (Zaire)"
"B05006_103M","Margin of Error!!Total:!!Africa:!!Middle Africa:!!Democratic Republic of Congo (Zaire)"
"B05006_103MA","Annotation of Margin of Error!!Total:!!Africa:!!Middle Africa:!!Democratic Republic of Congo (Zaire)"
"B05006_103EA","Annotation of Estimate!!Total:!!Africa:!!Middle Africa:!!Democratic Republic of Congo (Zaire)"
"B05006_104E","Estimate!!Total:!!Africa:!!Middle Africa:!!Other Middle Africa"
"B05006_104EA","Annotation of Estimate!!Total:!!Africa:!!Middle Africa:!!Other Middle Africa"
"B05006_104M","Margin of Error!!Total:!!Africa:!!Middle Africa:!!Other Middle Africa"
"B05006_104MA","Annotation of Margin of Error!!Total:!!Africa:!!Middle Africa:!!Other Middle Africa"
"B05006_105E","Estimate!!Total:!!Africa:!!Northern Africa:"
"B05006_105M","Margin of Error!!Total:!!Africa:!!Northern Africa:"
"B05006_105MA","Annotation of Margin of Error!!Total:!!Africa:!!Northern Africa:"
"B05006_105EA","Annotation of Estimate!!Total:!!Africa:!!Northern Africa:"
"B05006_106E","Estimate!!Total:!!Africa:!!Northern Africa:!!Egypt"
"B05006_106EA","Annotation of Estimate!!Total:!!Africa:!!Northern Africa:!!Egypt"
"B05006_106M","Margin of Error!!Total:!!Africa:!!Northern Africa:!!Egypt"
"B05006_106MA","Annotation of Margin of Error!!Total:!!Africa:!!Northern Africa:!!Egypt"
"B05006_107E","Estimate!!Total:!!Africa:!!Northern Africa:!!Morocco"
"B05006_107EA","Annotation of Estimate!!Total:!!Africa:!!Northern Africa:!!Morocco"
"B05006_107M","Margin of Error!!Total:!!Africa:!!Northern Africa:!!Morocco"
"B05006_107MA","Annotation of Margin of Error!!Total:!!Africa:!!Northern Africa:!!Morocco"
"B05006_108E","Estimate!!Total:!!Africa:!!Northern Africa:!!Sudan"
"B05006_108M","Margin of Error!!Total:!!Africa:!!Northern Africa:!!Sudan"
"B05006_108MA","Annotation of Margin of Error!!Total:!!Africa:!!Northern Africa:!!Sudan"
"B05006_108EA","Annotation of Estimate!!Total:!!Africa:!!Northern Africa:!!Sudan"
"B05006_109E","Estimate!!Total:!!Africa:!!Northern Africa:!!Other Northern Africa"
"B05006_109M","Margin of Error!!Total:!!Africa:!!Northern Africa:!!Other Northern Africa"
"B05006_109MA","Annotation of Margin of Error!!Total:!!Africa:!!Northern Africa:!!Other Northern Africa"
"B05006_109EA","Annotation of Estimate!!Total:!!Africa:!!Northern Africa:!!Other Northern Africa"
"B05006_110E","Estimate!!Total:!!Africa:!!Southern Africa:"
"B05006_110M","Margin of Error!!Total:!!Africa:!!Southern Africa:"
"B05006_110MA","Annotation of Margin of Error!!Total:!!Africa:!!Southern Africa:"
"B05006_110EA","Annotation of Estimate!!Total:!!Africa:!!Southern Africa:"
"B05006_111E","Estimate!!Total:!!Africa:!!Southern Africa:!!South Africa"
"B05006_111EA","Annotation of Estimate!!Total:!!Africa:!!Southern Africa:!!South Africa"
"B05006_111M","Margin of Error!!Total:!!Africa:!!Southern Africa:!!South Africa"
"B05006_111MA","Annotation of Margin of Error!!Total:!!Africa:!!Southern Africa:!!South Africa"
"B05006_112E","Estimate!!Total:!!Africa:!!Southern Africa:!!Other Southern Africa"
"B05006_112EA","Annotation of Estimate!!Total:!!Africa:!!Southern Africa:!!Other Southern Africa"
"B05006_112M","Margin of Error!!Total:!!Africa:!!Southern Africa:!!Other Southern Africa"
"B05006_112MA","Annotation of Margin of Error!!Total:!!Africa:!!Southern Africa:!!Other Southern Africa"
"B05006_113E","Estimate!!Total:!!Africa:!!Western Africa:"
"B05006_113M","Margin of Error!!Total:!!Africa:!!Western Africa:"
"B05006_113MA","Annotation of Margin of Error!!Total:!!Africa:!!Western Africa:"
"B05006_113EA","Annotation of Estimate!!Total:!!Africa:!!Western Africa:"
"B05006_114E","Estimate!!Total:!!Africa:!!Western Africa:!!Cabo Verde"
"B05006_114M","Margin of Error!!Total:!!Africa:!!Western Africa:!!Cabo Verde"
"B05006_114MA","Annotation of Margin of Error!!Total:!!Africa:!!Western Africa:!!Cabo Verde"
"B05006_114EA","Annotation of Estimate!!Total:!!Africa:!!Western Africa:!!Cabo Verde"
"B05006_115E","Estimate!!Total:!!Africa:!!Western Africa:!!Ghana"
"B05006_115EA","Annotation of Estimate!!Total:!!Africa:!!Western Africa:!!Ghana"
"B05006_115M","Margin of Error!!Total:!!Africa:!!Western Africa:!!Ghana"
"B05006_115MA","Annotation of Margin of Error!!Total:!!Africa:!!Western Africa:!!Ghana"
"B05006_116E","Estimate!!Total:!!Africa:!!Western Africa:!!Liberia"
"B05006_116EA","Annotation of Estimate!!Total:!!Africa:!!Western Africa:!!Liberia"
"B05006_116M","Margin of Error!!Total:!!Africa:!!Western Africa:!!Liberia"
"B05006_116MA","Annotation of Margin of Error!!Total:!!Africa:!!Western Africa:!!Liberia"
"B05006_117E","Estimate!!Total:!!Africa:!!Western Africa:!!Nigeria"
"B05006_117M","Margin of Error!!Total:!!Africa:!!Western Africa:!!Nigeria"
"B05006_117MA","Annotation of Margin of Error!!Total:!!Africa:!!Western Africa:!!Nigeria"
"B05006_117EA","Annotation of Estimate!!Total:!!Africa:!!Western Africa:!!Nigeria"
"B05006_118E","Estimate!!Total:!!Africa:!!Western Africa:!!Senegal"
"B05006_118EA","Annotation of Estimate!!Total:!!Africa:!!Western Africa:!!Senegal"
"B05006_118M","Margin of Error!!Total:!!Africa:!!Western Africa:!!Senegal"
"B05006_118MA","Annotation of Margin of Error!!Total:!!Africa:!!Western Africa:!!Senegal"
"B05006_119E","Estimate!!Total:!!Africa:!!Western Africa:!!Sierra Leone"
"B05006_119EA","Annotation of Estimate!!Total:!!Africa:!!Western Africa:!!Sierra Leone"
"B05006_119M","Margin of Error!!Total:!!Africa:!!Western Africa:!!Sierra Leone"
"B05006_119MA","Annotation of Margin of Error!!Total:!!Africa:!!Western Africa:!!Sierra Leone"
"B05006_120E","Estimate!!Total:!!Africa:!!Western Africa:!!Other Western Africa"
"B05006_120M","Margin of Error!!Total:!!Africa:!!Western Africa:!!Other Western Africa"
"B05006_120MA","Annotation of Margin of Error!!Total:!!Africa:!!Western Africa:!!Other Western Africa"
"B05006_120EA","Annotation of Estimate!!Total:!!Africa:!!Western Africa:!!Other Western Africa"
"B05006_121E","Estimate!!Total:!!Africa:!!Africa, n.e.c."
"B05006_121EA","Annotation of Estimate!!Total:!!Africa:!!Africa, n.e.c."
"B05006_121M","Margin of Error!!Total:!!Africa:!!Africa, n.e.c."
"B05006_121MA","Annotation of Margin of Error!!Total:!!Africa:!!Africa, n.e.c."
"B05006_122E","Estimate!!Total:!!Oceania:"
"B05006_122M","Margin of Error!!Total:!!Oceania:"
"B05006_122MA","Annotation of Margin of Error!!Total:!!Oceania:"
"B05006_122EA","Annotation of Estimate!!Total:!!Oceania:"
"B05006_123E","Estimate!!Total:!!Oceania:!!Australia and New Zealand Subregion:"
"B05006_123EA","Annotation of Estimate!!Total:!!Oceania:!!Australia and New Zealand Subregion:"
"B05006_123M","Margin of Error!!Total:!!Oceania:!!Australia and New Zealand Subregion:"
"B05006_123MA","Annotation of Margin of Error!!Total:!!Oceania:!!Australia and New Zealand Subregion:"
"B05006_124E","Estimate!!Total:!!Oceania:!!Australia and New Zealand Subregion:!!Australia"
"B05006_124EA","Annotation of Estimate!!Total:!!Oceania:!!Australia and New Zealand Subregion:!!Australia"
"B05006_124M","Margin of Error!!Total:!!Oceania:!!Australia and New Zealand Subregion:!!Australia"
"B05006_124MA","Annotation of Margin of Error!!Total:!!Oceania:!!Australia and New Zealand Subregion:!!Australia"
"B05006_125E","Estimate!!Total:!!Oceania:!!Australia and New Zealand Subregion:!!Other Australian and New Zealand Subregion"
"B05006_125M","Margin of Error!!Total:!!Oceania:!!Australia and New Zealand Subregion:!!Other Australian and New Zealand Subregion"
"B05006_125MA","Annotation of Margin of Error!!Total:!!Oceania:!!Australia and New Zealand Subregion:!!Other Australian and New Zealand Subregion"
"B05006_125EA","Annotation of Estimate!!Total:!!Oceania:!!Australia and New Zealand Subregion:!!Other Australian and New Zealand Subregion"
"B05006_126E","Estimate!!Total:!!Oceania:!!Fiji"
"B05006_126EA","Annotation of Estimate!!Total:!!Oceania:!!Fiji"
"B05006_126M","Margin of Error!!Total:!!Oceania:!!Fiji"
"B05006_126MA","Annotation of Margin of Error!!Total:!!Oceania:!!Fiji"
"B05006_127E","Estimate!!Total:!!Oceania:!!Micronesia"
"B05006_127M","Margin of Error!!Total:!!Oceania:!!Micronesia"
"B05006_127MA","Annotation of Margin of Error!!Total:!!Oceania:!!Micronesia"
"B05006_127EA","Annotation of Estimate!!Total:!!Oceania:!!Micronesia"
"B05006_128E","Estimate!!Total:!!Oceania:!!Oceania, n.e.c."
"B05006_128M","Margin of Error!!Total:!!Oceania:!!Oceania, n.e.c."
"B05006_128MA","Annotation of Margin of Error!!Total:!!Oceania:!!Oceania, n.e.c."
"B05006_128EA","Annotation of Estimate!!Total:!!Oceania:!!Oceania, n.e.c."
"B05006_129E","Estimate!!Total:!!Americas:"
"B05006_129EA","Annotation of Estimate!!Total:!!Americas:"
"B05006_129M","Margin of Error!!Total:!!Americas:"
"B05006_129MA","Annotation of Margin of Error!!Total:!!Americas:"
"B05006_130E","Estimate!!Total:!!Americas:!!Latin America:"
"B05006_130EA","Annotation of Estimate!!Total:!!Americas:!!Latin America:"
"B05006_130M","Margin of Error!!Total:!!Americas:!!Latin America:"
"B05006_130MA","Annotation of Margin of Error!!Total:!!Americas:!!Latin America:"
"B05006_131E","Estimate!!Total:!!Americas:!!Latin America:!!Caribbean:"
"B05006_131EA","Annotation of Estimate!!Total:!!Americas:!!Latin America:!!Caribbean:"
"B05006_131M","Margin of Error!!Total:!!Americas:!!Latin America:!!Caribbean:"
"B05006_131MA","Annotation of Margin of Error!!Total:!!Americas:!!Latin America:!!Caribbean:"
"B05006_132E","Estimate!!Total:!!Americas:!!Latin America:!!Caribbean:!!Bahamas"
"B05006_132EA","Annotation of Estimate!!Total:!!Americas:!!Latin America:!!Caribbean:!!Bahamas"
"B05006_132M","Margin of Error!!Total:!!Americas:!!Latin America:!!Caribbean:!!Bahamas"
"B05006_132MA","Annotation of Margin of Error!!Total:!!Americas:!!Latin America:!!Caribbean:!!Bahamas"
"B05006_133E","Estimate!!Total:!!Americas:!!Latin America:!!Caribbean:!!Barbados"
"B05006_133M","Margin of Error!!Total:!!Americas:!!Latin America:!!Caribbean:!!Barbados"
"B05006_133MA","Annotation of Margin of Error!!Total:!!Americas:!!Latin America:!!Caribbean:!!Barbados"
"B05006_133EA","Annotation of Estimate!!Total:!!Americas:!!Latin America:!!Caribbean:!!Barbados"
"B05006_134E","Estimate!!Total:!!Americas:!!Latin America:!!Caribbean:!!Cuba"
"B05006_134EA","Annotation of Estimate!!Total:!!Americas:!!Latin America:!!Caribbean:!!Cuba"
"B05006_134M","Margin of Error!!Total:!!Americas:!!Latin America:!!Caribbean:!!Cuba"
"B05006_134MA","Annotation of Margin of Error!!Total:!!Americas:!!Latin America:!!Caribbean:!!Cuba"
"B05006_135E","Estimate!!Total:!!Americas:!!Latin America:!!Caribbean:!!Dominica"
"B05006_135EA","Annotation of Estimate!!Total:!!Americas:!!Latin America:!!Caribbean:!!Dominica"
"B05006_135M","Margin of Error!!Total:!!Americas:!!Latin America:!!Caribbean:!!Dominica"
"B05006_135MA","Annotation of Margin of Error!!Total:!!Americas:!!Latin America:!!Caribbean:!!Dominica"
"B05006_136E","Estimate!!Total:!!Americas:!!Latin America:!!Caribbean:!!Dominican Republic"
"B05006_136EA","Annotation of Estimate!!Total:!!Americas:!!Latin America:!!Caribbean:!!Dominican Republic"
"B05006_136M","Margin of Error!!Total:!!Americas:!!Latin America:!!Caribbean:!!Dominican Republic"
"B05006_136MA","Annotation of Margin of Error!!Total:!!Americas:!!Latin America:!!Caribbean:!!Dominican Republic"
"B05006_137E","Estimate!!Total:!!Americas:!!Latin America:!!Caribbean:!!Grenada"
"B05006_137EA","Annotation of Estimate!!Total:!!Americas:!!Latin America:!!Caribbean:!!Grenada"
"B05006_137M","Margin of Error!!Total:!!Americas:!!Latin America:!!Caribbean:!!Grenada"
"B05006_137MA","Annotation of Margin of Error!!Total:!!Americas:!!Latin America:!!Caribbean:!!Grenada"
"B05006_138E","Estimate!!Total:!!Americas:!!Latin America:!!Caribbean:!!Haiti"
"B05006_138EA","Annotation of Estimate!!Total:!!Americas:!!Latin America:!!Caribbean:!!Haiti"
"B05006_138M","Margin of Error!!Total:!!Americas:!!Latin America:!!Caribbean:!!Haiti"
"B05006_138MA","Annotation of Margin of Error!!Total:!!Americas:!!Latin America:!!Caribbean:!!Haiti"
"B05006_139E","Estimate!!Total:!!Americas:!!Latin America:!!Caribbean:!!Jamaica"
"B05006_139M","Margin of Error!!Total:!!Americas:!!Latin America:!!Caribbean:!!Jamaica"
"B05006_139MA","Annotation of Margin of Error!!Total:!!Americas:!!Latin America:!!Caribbean:!!Jamaica"
"B05006_139EA","Annotation of Estimate!!Total:!!Americas:!!Latin America:!!Caribbean:!!Jamaica"
"B05006_140E","Estimate!!Total:!!Americas:!!Latin America:!!Caribbean:!!St. Vincent and the Grenadines"
"B05006_140EA","Annotation of Estimate!!Total:!!Americas:!!Latin America:!!Caribbean:!!St. Vincent and the Grenadines"
"B05006_140M","Margin of Error!!Total:!!Americas:!!Latin America:!!Caribbean:!!St. Vincent and the Grenadines"
"B05006_140MA","Annotation of Margin of Error!!Total:!!Americas:!!Latin America:!!Caribbean:!!St. Vincent and the Grenadines"
"B05006_141E","Estimate!!Total:!!Americas:!!Latin America:!!Caribbean:!!Trinidad and Tobago"
"B05006_141EA","Annotation of Estimate!!Total:!!Americas:!!Latin America:!!Caribbean:!!Trinidad and Tobago"
"B05006_141M","Margin of Error!!Total:!!Americas:!!Latin America:!!Caribbean:!!Trinidad and Tobago"
"B05006_141MA","Annotation of Margin of Error!!Total:!!Americas:!!Latin America:!!Caribbean:!!Trinidad and Tobago"
"B05006_142E","Estimate!!Total:!!Americas:!!Latin America:!!Caribbean:!!West Indies"
"B05006_142EA","Annotation of Estimate!!Total:!!Americas:!!Latin America:!!Caribbean:!!West Indies"
"B05006_142M","Margin of Error!!Total:!!Americas:!!Latin America:!!Caribbean:!!West Indies"
"B05006_142MA","Annotation of Margin of Error!!Total:!!Americas:!!Latin America:!!Caribbean:!!West Indies"
"B05006_143E","Estimate!!Total:!!Americas:!!Latin America:!!Caribbean:!!Other Caribbean"
"B05006_143EA","Annotation of Estimate!!Total:!!Americas:!!Latin America:!!Caribbean:!!Other Caribbean"
"B05006_143M","Margin of Error!!Total:!!Americas:!!Latin America:!!Caribbean:!!Other Caribbean"
"B05006_143MA","Annotation of Margin of Error!!Total:!!Americas:!!Latin America:!!Caribbean:!!Other Caribbean"
"B05006_144E","Estimate!!Total:!!Americas:!!Latin America:!!Central America:"
"B05006_144M","Margin of Error!!Total:!!Americas:!!Latin America:!!Central America:"
"B05006_144MA","Annotation of Margin of Error!!Total:!!Americas:!!Latin America:!!Central America:"
"B05006_144EA","Annotation of Estimate!!Total:!!Americas:!!Latin America:!!Central America:"
"B05006_145E","Estimate!!Total:!!Americas:!!Latin America:!!Central America:!!Belize"
"B05006_145EA","Annotation of Estimate!!Total:!!Americas:!!Latin America:!!Central America:!!Belize"
"B05006_145M","Margin of Error!!Total:!!Americas:!!Latin America:!!Central America:!!Belize"
"B05006_145MA","Annotation of Margin of Error!!Total:!!Americas:!!Latin America:!!Central America:!!Belize"
"B05006_146E","Estimate!!Total:!!Americas:!!Latin America:!!Central America:!!Costa Rica"
"B05006_146M","Margin of Error!!Total:!!Americas:!!Latin America:!!Central America:!!Costa Rica"
"B05006_146MA","Annotation of Margin of Error!!Total:!!Americas:!!Latin America:!!Central America:!!Costa Rica"
"B05006_146EA","Annotation of Estimate!!Total:!!Americas:!!Latin America:!!Central America:!!Costa Rica"
"B05006_147E","Estimate!!Total:!!Americas:!!Latin America:!!Central America:!!El Salvador"
"B05006_147EA","Annotation of Estimate!!Total:!!Americas:!!Latin America:!!Central America:!!El Salvador"
"B05006_147M","Margin of Error!!Total:!!Americas:!!Latin America:!!Central America:!!El Salvador"
"B05006_147MA","Annotation of Margin of Error!!Total:!!Americas:!!Latin America:!!Central America:!!El Salvador"
"B05006_148E","Estimate!!Total:!!Americas:!!Latin America:!!Central America:!!Guatemala"
"B05006_148EA","Annotation of Estimate!!Total:!!Americas:!!Latin America:!!Central America:!!Guatemala"
"B05006_148M","Margin of Error!!Total:!!Americas:!!Latin America:!!Central America:!!Guatemala"
"B05006_148MA","Annotation of Margin of Error!!Total:!!Americas:!!Latin America:!!Central America:!!Guatemala"
"B05006_149E","Estimate!!Total:!!Americas:!!Latin America:!!Central America:!!Honduras"
"B05006_149EA","Annotation of Estimate!!Total:!!Americas:!!Latin America:!!Central America:!!Honduras"
"B05006_149M","Margin of Error!!Total:!!Americas:!!Latin America:!!Central America:!!Honduras"
"B05006_149MA","Annotation of Margin of Error!!Total:!!Americas:!!Latin America:!!Central America:!!Honduras"
"B05006_150E","Estimate!!Total:!!Americas:!!Latin America:!!Central America:!!Mexico"
"B05006_150EA","Annotation of Estimate!!Total:!!Americas:!!Latin America:!!Central America:!!Mexico"
"B05006_150M","Margin of Error!!Total:!!Americas:!!Latin America:!!Central America:!!Mexico"
"B05006_150MA","Annotation of Margin of Error!!Total:!!Americas:!!Latin America:!!Central America:!!Mexico"
"B05006_151E","Estimate!!Total:!!Americas:!!Latin America:!!Central America:!!Nicaragua"
"B05006_151M","Margin of Error!!Total:!!Americas:!!Latin America:!!Central America:!!Nicaragua"
"B05006_151MA","Annotation of Margin of Error!!Total:!!Americas:!!Latin America:!!Central America:!!Nicaragua"
"B05006_151EA","Annotation of Estimate!!Total:!!Americas:!!Latin America:!!Central America:!!Nicaragua"
"B05006_152E","Estimate!!Total:!!Americas:!!Latin America:!!Central America:!!Panama"
"B05006_152M","Margin of Error!!Total:!!Americas:!!Latin America:!!Central America:!!Panama"
"B05006_152MA","Annotation of Margin of Error!!Total:!!Americas:!!Latin America:!!Central America:!!Panama"
"B05006_152EA","Annotation of Estimate!!Total:!!Americas:!!Latin America:!!Central America:!!Panama"
"B05006_153E","Estimate!!Total:!!Americas:!!Latin America:!!Central America:!!Other Central America"
"B05006_153M","Margin of Error!!Total:!!Americas:!!Latin America:!!Central America:!!Other Central America"
"B05006_153MA","Annotation of Margin of Error!!Total:!!Americas:!!Latin America:!!Central America:!!Other Central America"
"B05006_153EA","Annotation of Estimate!!Total:!!Americas:!!Latin America:!!Central America:!!Other Central America"
"B05006_154E","Estimate!!Total:!!Americas:!!Latin America:!!South America:"
"B05006_154EA","Annotation of Estimate!!Total:!!Americas:!!Latin America:!!South America:"
"B05006_154M","Margin of Error!!Total:!!Americas:!!Latin America:!!South America:"
"B05006_154MA","Annotation of Margin of Error!!Total:!!Americas:!!Latin America:!!South America:"
"B05006_155E","Estimate!!Total:!!Americas:!!Latin America:!!South America:!!Argentina"
"B05006_155M","Margin of Error!!Total:!!Americas:!!Latin America:!!South America:!!Argentina"
"B05006_155MA","Annotation of Margin of Error!!Total:!!Americas:!!Latin America:!!South America:!!Argentina"
"B05006_155EA","Annotation of Estimate!!Total:!!Americas:!!Latin America:!!South America:!!Argentina"
"B05006_156E","Estimate!!Total:!!Americas:!!Latin America:!!South America:!!Bolivia"
"B05006_156M","Margin of Error!!Total:!!Americas:!!Latin America:!!South America:!!Bolivia"
"B05006_156MA","Annotation of Margin of Error!!Total:!!Americas:!!Latin America:!!South America:!!Bolivia"
"B05006_156EA","Annotation of Estimate!!Total:!!Americas:!!Latin America:!!South America:!!Bolivia"
"B05006_157E","Estimate!!Total:!!Americas:!!Latin America:!!South America:!!Brazil"
"B05006_157EA","Annotation of Estimate!!Total:!!Americas:!!Latin America:!!South America:!!Brazil"
"B05006_157M","Margin of Error!!Total:!!Americas:!!Latin America:!!South America:!!Brazil"
"B05006_157MA","Annotation of Margin of Error!!Total:!!Americas:!!Latin America:!!South America:!!Brazil"
"B05006_158E","Estimate!!Total:!!Americas:!!Latin America:!!South America:!!Chile"
"B05006_158EA","Annotation of Estimate!!Total:!!Americas:!!Latin America:!!South America:!!Chile"
"B05006_158M","Margin of Error!!Total:!!Americas:!!Latin America:!!South America:!!Chile"
"B05006_158MA","Annotation of Margin of Error!!Total:!!Americas:!!Latin America:!!South America:!!Chile"
"B05006_159E","Estimate!!Total:!!Americas:!!Latin America:!!South America:!!Colombia"
"B05006_159M","Margin of Error!!Total:!!Americas:!!Latin America:!!South America:!!Colombia"
"B05006_159MA","Annotation of Margin of Error!!Total:!!Americas:!!Latin America:!!South America:!!Colombia"
"B05006_159EA","Annotation of Estimate!!Total:!!Americas:!!Latin America:!!South America:!!Colombia"
"B05006_160E","Estimate!!Total:!!Americas:!!Latin America:!!South America:!!Ecuador"
"B05006_160EA","Annotation of Estimate!!Total:!!Americas:!!Latin America:!!South America:!!Ecuador"
"B05006_160M","Margin of Error!!Total:!!Americas:!!Latin America:!!South America:!!Ecuador"
"B05006_160MA","Annotation of Margin of Error!!Total:!!Americas:!!Latin America:!!South America:!!Ecuador"
"B05006_161E","Estimate!!Total:!!Americas:!!Latin America:!!South America:!!Guyana"
"B05006_161M","Margin of Error!!Total:!!Americas:!!Latin America:!!South America:!!Guyana"
"B05006_161MA","Annotation of Margin of Error!!Total:!!Americas:!!Latin America:!!South America:!!Guyana"
"B05006_161EA","Annotation of Estimate!!Total:!!Americas:!!Latin America:!!South America:!!Guyana"
"B05006_162E","Estimate!!Total:!!Americas:!!Latin America:!!South America:!!Peru"
"B05006_162EA","Annotation of Estimate!!Total:!!Americas:!!Latin America:!!South America:!!Peru"
"B05006_162M","Margin of Error!!Total:!!Americas:!!Latin America:!!South America:!!Peru"
"B05006_162MA","Annotation of Margin of Error!!Total:!!Americas:!!Latin America:!!South America:!!Peru"
"B05006_163E","Estimate!!Total:!!Americas:!!Latin America:!!South America:!!Uruguay"
"B05006_163EA","Annotation of Estimate!!Total:!!Americas:!!Latin America:!!South America:!!Uruguay"
"B05006_163M","Margin of Error!!Total:!!Americas:!!Latin America:!!South America:!!Uruguay"
"B05006_163MA","Annotation of Margin of Error!!Total:!!Americas:!!Latin America:!!South America:!!Uruguay"
"B05006_164E","Estimate!!Total:!!Americas:!!Latin America:!!South America:!!Venezuela"
"B05006_164EA","Annotation of Estimate!!Total:!!Americas:!!Latin America:!!South America:!!Venezuela"
"B05006_164M","Margin of Error!!Total:!!Americas:!!Latin America:!!South America:!!Venezuela"
"B05006_164MA","Annotation of Margin of Error!!Total:!!Americas:!!Latin America:!!South America:!!Venezuela"
"B05006_165E","Estimate!!Total:!!Americas:!!Latin America:!!South America:!!Other South America"
"B05006_165M","Margin of Error!!Total:!!Americas:!!Latin America:!!South America:!!Other South America"
"B05006_165MA","Annotation of Margin of Error!!Total:!!Americas:!!Latin America:!!South America:!!Other South America"
"B05006_165EA","Annotation of Estimate!!Total:!!Americas:!!Latin America:!!South America:!!Other South America"
"B05006_166E","Estimate!!Total:!!Americas:!!Northern America:"
"B05006_166EA","Annotation of Estimate!!Total:!!Americas:!!Northern America:"
"B05006_166M","Margin of Error!!Total:!!Americas:!!Northern America:"
"B05006_166MA","Annotation of Margin of Error!!Total:!!Americas:!!Northern America:"
"B05006_167E","Estimate!!Total:!!Americas:!!Northern America:!!Canada"
"B05006_167M","Margin of Error!!Total:!!Americas:!!Northern America:!!Canada"
"B05006_167MA","Annotation of Margin of Error!!Total:!!Americas:!!Northern America:!!Canada"
"B05006_167EA","Annotation of Estimate!!Total:!!Americas:!!Northern America:!!Canada"
"B05006_168E","Estimate!!Total:!!Americas:!!Northern America:!!Other Northern America"
"B05006_168M","Margin of Error!!Total:!!Americas:!!Northern America:!!Other Northern America"
"B05006_168MA","Annotation of Margin of Error!!Total:!!Americas:!!Northern America:!!Other Northern America"
"B05006_168EA","Annotation of Estimate!!Total:!!Americas:!!Northern America:!!Other Northern America"
